{"main":"american-flight-api.raml","name":"American Flight API","organizationId":"ec35e7b0-292c-4a02-a36a-658dc6a64216","groupId":"ec35e7b0-292c-4a02-a36a-658dc6a64216","assetId":"american-flight-api","version":"1.0.3","metadata":{"branchId":"master","commitId":"8a30bdcfa20c2fcef8629d602572f0f893a7e4c4","projectId":"a7ed67ac-29cf-42be-8560-9c1ee5daf21a"},"apiVersion":"v1","classifier":"raml","dependencies":[{"assetId":"training-american-flight-data-type","groupId":"68ef9520-24e9-4cf2-b2f5-620025690913","version":"1.0.1"},{"assetId":"training-american-flights-example","groupId":"68ef9520-24e9-4cf2-b2f5-620025690913","version":"1.0.1"}],"tags":[],"originalFormatVersion":"1.0"}